Changes made at Sat Aug  9 05:58:18 UTC 2025
Changes made at Thu Nov 20 14:24:20 UTC 2025
Changes made at Thu Nov 20 16:18:45 UTC 2025
Changes made at Fri Nov 21 08:20:38 UTC 2025
Changes made at Fri Nov 21 10:15:17 UTC 2025
Changes made at Fri Nov 21 14:14:07 UTC 2025
Changes made at Fri Nov 21 16:18:32 UTC 2025
Changes made at Sat Nov 22 08:17:39 UTC 2025
Changes made at Sat Nov 22 10:13:55 UTC 2025
Changes made at Sat Nov 22 14:11:52 UTC 2025
Changes made at Sat Nov 22 16:15:58 UTC 2025
Changes made at Sun Nov 23 08:17:41 UTC 2025
Changes made at Sun Nov 23 10:13:50 UTC 2025
Changes made at Sun Nov 23 14:11:59 UTC 2025
